<?xml version='1.0' encoding='utf-8'?>
<project xmlns:ns1="http://www.plcopen.org/xml/tc6_0201" xmlns:xhtml="http://www.w3.org/1999/xhtml" xmlns:xsd="http://www.w3.org/2001/XMLSchema" xmlns="http://www.plcopen.org/xml/tc6_0201">
  <fileHeader companyName="Unknown" productName="Unnamed" productVersion="1" creationDateTime="2020-05-11T15:34:21"/>
  <contentHeader name="Unnamed" modificationDateTime="2020-05-15T17:01:46">
    <coordinateInfo>
      <fbd>
        <scaling x="10" y="10"/>
      </fbd>
      <ld>
        <scaling x="10" y="10"/>
      </ld>
      <sfc>
        <scaling x="10" y="10"/>
      </sfc>
    </coordinateInfo>
  </contentHeader>
  <types>
    <dataTypes/>
    <pous>
      <pou name="TrafficLight" pouType="program">
        <interface>
          <localVars>
            <variable name="Run">
              <type>
                <BOOL/>
              </type>
            </variable>
          </localVars>
          <localVars>
            <variable name="Start_Button" address="%IX0.0">
              <type>
                <BOOL/>
              </type>
            </variable>
            <variable name="Stop_Button" address="%IX0.1">
              <type>
                <BOOL/>
              </type>
            </variable>
          </localVars>
          <localVars>
            <variable name="Green_On">
              <type>
                <BOOL/>
              </type>
            </variable>
          </localVars>
          <localVars>
            <variable name="Green_LED" address="%QX0.2">
              <type>
                <BOOL/>
              </type>
            </variable>
            <variable name="Red_LED" address="%QX0.0">
              <type>
                <BOOL/>
              </type>
            </variable>
          </localVars>
          <localVars>
            <variable name="RA_on">
              <type>
                <BOOL/>
              </type>
            </variable>
            <variable name="Amber_On">
              <type>
                <BOOL/>
              </type>
            </variable>
          </localVars>
          <localVars>
            <variable name="Amber_LED" address="%QX0.1">
              <type>
                <BOOL/>
              </type>
            </variable>
          </localVars>
          <localVars>
            <variable name="Amber_Off">
              <type>
                <BOOL/>
              </type>
            </variable>
            <variable name="TON0">
              <type>
                <derived name="TON"/>
              </type>
            </variable>
            <variable name="TON1">
              <type>
                <derived name="TON"/>
              </type>
            </variable>
            <variable name="TON2">
              <type>
                <derived name="TON"/>
              </type>
            </variable>
            <variable name="TON3">
              <type>
                <derived name="TON"/>
              </type>
            </variable>
          </localVars>
        </interface>
        <body>
          <LD>
            <leftPowerRail localId="1" height="1050" width="20">
              <position x="230" y="0"/>
              <connectionPointOut formalParameter="">
                <relPosition x="20" y="20"/>
              </connectionPointOut>
              <connectionPointOut formalParameter="">
                <relPosition x="20" y="170"/>
              </connectionPointOut>
              <connectionPointOut formalParameter="">
                <relPosition x="20" y="300"/>
              </connectionPointOut>
              <connectionPointOut formalParameter="">
                <relPosition x="20" y="450"/>
              </connectionPointOut>
              <connectionPointOut formalParameter="">
                <relPosition x="20" y="600"/>
              </connectionPointOut>
              <connectionPointOut formalParameter="">
                <relPosition x="20" y="740"/>
              </connectionPointOut>
              <connectionPointOut formalParameter="">
                <relPosition x="20" y="880"/>
              </connectionPointOut>
              <connectionPointOut formalParameter="">
                <relPosition x="20" y="1030"/>
              </connectionPointOut>
            </leftPowerRail>
            <contact localId="2" height="20" width="21" negated="false">
              <position x="460" y="40"/>
              <connectionPointIn>
                <relPosition x="0" y="10"/>
                <connection refLocalId="1">
                  <position x="460" y="50"/>
                  <position x="355" y="50"/>
                  <position x="355" y="20"/>
                  <position x="250" y="20"/>
                </connection>
              </connectionPointIn>
              <connectionPointOut>
                <relPosition x="21" y="10"/>
              </connectionPointOut>
              <variable>Run</variable>
            </contact>
            <coil localId="4" height="20" width="21" negated="false">
              <position x="850" y="60"/>
              <connectionPointIn>
                <relPosition x="0" y="10"/>
                <connection refLocalId="39">
                  <position x="850" y="70"/>
                  <position x="671" y="70"/>
                </connection>
              </connectionPointIn>
              <connectionPointOut>
                <relPosition x="21" y="10"/>
              </connectionPointOut>
              <variable>Run</variable>
            </coil>
            <contact localId="5" height="20" width="20" negated="true">
              <position x="400" y="90"/>
              <connectionPointIn>
                <relPosition x="0" y="10"/>
                <connection refLocalId="1">
                  <position x="400" y="100"/>
                  <position x="325" y="100"/>
                  <position x="325" y="20"/>
                  <position x="250" y="20"/>
                </connection>
              </connectionPointIn>
              <connectionPointOut>
                <relPosition x="20" y="10"/>
              </connectionPointOut>
              <variable>Start_Button</variable>
            </contact>
            <rightPowerRail localId="6" height="1040" width="20">
              <position x="1390" y="20"/>
              <connectionPointIn>
                <relPosition x="0" y="20"/>
                <connection refLocalId="4">
                  <position x="1390" y="40"/>
                  <position x="1130" y="40"/>
                  <position x="1130" y="70"/>
                  <position x="871" y="70"/>
                </connection>
              </connectionPointIn>
              <connectionPointIn>
                <relPosition x="0" y="160"/>
                <connection refLocalId="43">
                  <position x="1390" y="180"/>
                  <position x="1171" y="180"/>
                </connection>
              </connectionPointIn>
              <connectionPointIn>
                <relPosition x="0" y="310"/>
                <connection refLocalId="47">
                  <position x="1390" y="330"/>
                  <position x="1290" y="330"/>
                  <position x="1290" y="350"/>
                  <position x="1191" y="350"/>
                </connection>
              </connectionPointIn>
              <connectionPointIn>
                <relPosition x="0" y="450"/>
                <connection refLocalId="50">
                  <position x="1390" y="470"/>
                  <position x="1181" y="470"/>
                </connection>
              </connectionPointIn>
              <connectionPointIn>
                <relPosition x="0" y="590"/>
                <connection refLocalId="53">
                  <position x="1390" y="610"/>
                  <position x="1310" y="610"/>
                  <position x="1310" y="570"/>
                  <position x="1231" y="570"/>
                </connection>
              </connectionPointIn>
              <connectionPointIn>
                <relPosition x="0" y="730"/>
                <connection refLocalId="57">
                  <position x="1390" y="750"/>
                  <position x="1275" y="750"/>
                  <position x="1275" y="660"/>
                  <position x="1161" y="660"/>
                </connection>
              </connectionPointIn>
              <connectionPointIn>
                <relPosition x="0" y="880"/>
                <connection refLocalId="64">
                  <position x="1390" y="900"/>
                  <position x="1200" y="900"/>
                  <position x="1200" y="870"/>
                  <position x="1011" y="870"/>
                </connection>
              </connectionPointIn>
              <connectionPointIn>
                <relPosition x="0" y="1020"/>
                <connection refLocalId="68">
                  <position x="1390" y="1040"/>
                  <position x="1021" y="1040"/>
                </connection>
              </connectionPointIn>
            </rightPowerRail>
            <comment localId="26" height="120" width="240">
              <position x="1710" y="30"/>
              <content>
                <xhtml:p><![CDATA[Start button turns on coil
This coil is then on and remains on

Interrupted by the Stop Button due to the negated stop contact]]></xhtml:p>
              </content>
            </comment>
            <comment localId="27" height="200" width="480">
              <position x="1510" y="190"/>
              <content>
                <xhtml:p><![CDATA[Red on when start button is pressed
Stays on until Red_Off is turned on which is after the 10s delay. Also turns on Red-Amber coil.

Red On - 10s - Red Off
RedAmber on - 3s - RedAmber Off
Green On - 20s - Green Off
Amber On - 3s - Amber Off
Repeat]]></xhtml:p>
              </content>
            </comment>
            <contact localId="39" height="20" width="20" negated="false">
              <position x="650" y="60"/>
              <connectionPointIn>
                <relPosition x="0" y="10"/>
                <connection refLocalId="2">
                  <position x="650" y="70"/>
                  <position x="565" y="70"/>
                  <position x="565" y="50"/>
                  <position x="481" y="50"/>
                </connection>
                <connection refLocalId="5">
                  <position x="650" y="70"/>
                  <position x="535" y="70"/>
                  <position x="535" y="100"/>
                  <position x="420" y="100"/>
                </connection>
              </connectionPointIn>
              <connectionPointOut>
                <relPosition x="20" y="10"/>
              </connectionPointOut>
              <variable>Stop_Button</variable>
            </contact>
            <contact localId="40" height="20" width="21" negated="false">
              <position x="300" y="170"/>
              <connectionPointIn>
                <relPosition x="0" y="10"/>
                <connection refLocalId="1">
                  <position x="300" y="180"/>
                  <position x="275" y="180"/>
                  <position x="275" y="170"/>
                  <position x="250" y="170"/>
                </connection>
              </connectionPointIn>
              <connectionPointOut>
                <relPosition x="21" y="10"/>
              </connectionPointOut>
              <variable>Run</variable>
            </contact>
            <contact localId="41" height="20" width="21" negated="true">
              <position x="390" y="170"/>
              <connectionPointIn>
                <relPosition x="0" y="10"/>
                <connection refLocalId="40">
                  <position x="390" y="180"/>
                  <position x="321" y="180"/>
                </connection>
              </connectionPointIn>
              <connectionPointOut>
                <relPosition x="21" y="10"/>
              </connectionPointOut>
              <variable>Green_LED</variable>
            </contact>
            <contact localId="42" height="20" width="21" negated="true">
              <position x="480" y="170"/>
              <connectionPointIn>
                <relPosition x="0" y="10"/>
                <connection refLocalId="41">
                  <position x="480" y="180"/>
                  <position x="411" y="180"/>
                </connection>
              </connectionPointIn>
              <connectionPointOut>
                <relPosition x="21" y="10"/>
              </connectionPointOut>
              <variable>Amber_On</variable>
            </contact>
            <coil localId="43" height="20" width="21" negated="false">
              <position x="1150" y="170"/>
              <connectionPointIn>
                <relPosition x="0" y="10"/>
                <connection refLocalId="42">
                  <position x="1150" y="180"/>
                  <position x="501" y="180"/>
                </connection>
              </connectionPointIn>
              <connectionPointOut>
                <relPosition x="21" y="10"/>
              </connectionPointOut>
              <variable>Red_LED</variable>
            </coil>
            <contact localId="44" height="20" width="21" negated="false">
              <position x="290" y="330"/>
              <connectionPointIn>
                <relPosition x="0" y="10"/>
                <connection refLocalId="1">
                  <position x="290" y="340"/>
                  <position x="270" y="340"/>
                  <position x="270" y="300"/>
                  <position x="250" y="300"/>
                </connection>
              </connectionPointIn>
              <connectionPointOut>
                <relPosition x="21" y="10"/>
              </connectionPointOut>
              <variable>Run</variable>
            </contact>
            <contact localId="45" height="20" width="21" negated="false">
              <position x="420" y="300"/>
              <connectionPointIn>
                <relPosition x="0" y="10"/>
                <connection refLocalId="44">
                  <position x="420" y="310"/>
                  <position x="360" y="310"/>
                  <position x="360" y="340"/>
                  <position x="311" y="340"/>
                </connection>
              </connectionPointIn>
              <connectionPointOut>
                <relPosition x="21" y="10"/>
              </connectionPointOut>
              <variable>Amber_On</variable>
            </contact>
            <contact localId="46" height="20" width="21" negated="false">
              <position x="420" y="370"/>
              <connectionPointIn>
                <relPosition x="0" y="10"/>
                <connection refLocalId="44">
                  <position x="420" y="380"/>
                  <position x="361" y="380"/>
                  <position x="361" y="340"/>
                  <position x="311" y="340"/>
                </connection>
              </connectionPointIn>
              <connectionPointOut>
                <relPosition x="21" y="10"/>
              </connectionPointOut>
              <variable>RA_on</variable>
            </contact>
            <coil localId="47" height="20" width="21" negated="false">
              <position x="1170" y="340"/>
              <connectionPointIn>
                <relPosition x="0" y="10"/>
                <connection refLocalId="45">
                  <position x="1170" y="350"/>
                  <position x="805" y="350"/>
                  <position x="805" y="310"/>
                  <position x="441" y="310"/>
                </connection>
                <connection refLocalId="46">
                  <position x="1170" y="350"/>
                  <position x="805" y="350"/>
                  <position x="805" y="380"/>
                  <position x="441" y="380"/>
                </connection>
              </connectionPointIn>
              <connectionPointOut>
                <relPosition x="21" y="10"/>
              </connectionPointOut>
              <variable>Amber_LED</variable>
            </coil>
            <contact localId="48" height="20" width="21" negated="false">
              <position x="330" y="450"/>
              <connectionPointIn>
                <relPosition x="0" y="10"/>
                <connection refLocalId="1">
                  <position x="330" y="460"/>
                  <position x="275" y="460"/>
                  <position x="275" y="450"/>
                  <position x="250" y="450"/>
                </connection>
              </connectionPointIn>
              <connectionPointOut>
                <relPosition x="21" y="10"/>
              </connectionPointOut>
              <variable>Run</variable>
            </contact>
            <contact localId="49" height="20" width="21" negated="false">
              <position x="520" y="480"/>
              <connectionPointIn>
                <relPosition x="0" y="10"/>
                <connection refLocalId="70">
                  <position x="520" y="490"/>
                  <position x="470" y="490"/>
                  <position x="470" y="460"/>
                  <position x="420" y="460"/>
                </connection>
              </connectionPointIn>
              <connectionPointOut>
                <relPosition x="21" y="10"/>
              </connectionPointOut>
              <variable>Green_On</variable>
            </contact>
            <coil localId="50" height="20" width="21" negated="false">
              <position x="1160" y="460"/>
              <connectionPointIn>
                <relPosition x="0" y="10"/>
                <connection refLocalId="49">
                  <position x="1160" y="470"/>
                  <position x="850" y="470"/>
                  <position x="850" y="490"/>
                  <position x="541" y="490"/>
                </connection>
                <connection refLocalId="69">
                  <position x="1160" y="470"/>
                  <position x="850" y="470"/>
                  <position x="850" y="440"/>
                  <position x="540" y="440"/>
                </connection>
              </connectionPointIn>
              <connectionPointOut>
                <relPosition x="21" y="10"/>
              </connectionPointOut>
              <variable>Green_LED</variable>
            </coil>
            <contact localId="51" height="20" width="21" negated="false">
              <position x="300" y="560"/>
              <connectionPointIn>
                <relPosition x="0" y="10"/>
                <connection refLocalId="1">
                  <position x="300" y="570"/>
                  <position x="275" y="570"/>
                  <position x="275" y="600"/>
                  <position x="250" y="600"/>
                </connection>
              </connectionPointIn>
              <connectionPointOut>
                <relPosition x="21" y="10"/>
              </connectionPointOut>
              <variable>Run</variable>
            </contact>
            <contact localId="52" height="20" width="21" negated="false">
              <position x="420" y="560"/>
              <connectionPointIn>
                <relPosition x="0" y="10"/>
                <connection refLocalId="51">
                  <position x="420" y="570"/>
                  <position x="321" y="570"/>
                </connection>
              </connectionPointIn>
              <connectionPointOut>
                <relPosition x="21" y="10"/>
              </connectionPointOut>
              <variable>RA_on</variable>
            </contact>
            <coil localId="53" height="20" width="21" negated="false">
              <position x="1210" y="560"/>
              <connectionPointIn>
                <relPosition x="0" y="10"/>
                <connection refLocalId="54" formalParameter="Q">
                  <position x="1210" y="570"/>
                  <position x="950" y="570"/>
                </connection>
              </connectionPointIn>
              <connectionPointOut>
                <relPosition x="21" y="10"/>
              </connectionPointOut>
              <variable>Green_On</variable>
            </coil>
            <block localId="54" typeName="TON" instanceName="TON0" height="60" width="50">
              <position x="900" y="540"/>
              <inputVariables>
                <variable formalParameter="IN">
                  <connectionPointIn>
                    <relPosition x="0" y="30"/>
                    <connection refLocalId="52">
                      <position x="900" y="570"/>
                      <position x="440" y="570"/>
                    </connection>
                  </connectionPointIn>
                </variable>
                <variable formalParameter="PT">
                  <connectionPointIn>
                    <relPosition x="0" y="50"/>
                    <connection refLocalId="55">
                      <position x="900" y="590"/>
                      <position x="870" y="590"/>
                      <position x="870" y="610"/>
                      <position x="840" y="610"/>
                    </connection>
                  </connectionPointIn>
                </variable>
              </inputVariables>
              <inOutVariables/>
              <outputVariables>
                <variable formalParameter="Q">
                  <connectionPointOut>
                    <relPosition x="50" y="30"/>
                  </connectionPointOut>
                </variable>
                <variable formalParameter="ET">
                  <connectionPointOut>
                    <relPosition x="50" y="50"/>
                  </connectionPointOut>
                </variable>
              </outputVariables>
            </block>
            <inVariable localId="55" height="30" width="50" negated="false">
              <position x="790" y="590"/>
              <connectionPointOut>
                <relPosition x="50" y="10"/>
              </connectionPointOut>
              <expression>T#4s</expression>
            </inVariable>
            <contact localId="56" height="20" width="21" negated="true">
              <position x="730" y="650"/>
              <connectionPointIn>
                <relPosition x="0" y="10"/>
                <connection refLocalId="52">
                  <position x="730" y="660"/>
                  <position x="585" y="660"/>
                  <position x="585" y="570"/>
                  <position x="441" y="570"/>
                </connection>
              </connectionPointIn>
              <connectionPointOut>
                <relPosition x="21" y="10"/>
              </connectionPointOut>
              <variable>Green_LED</variable>
            </contact>
            <coil localId="57" height="20" width="21" negated="false">
              <position x="1140" y="650"/>
              <connectionPointIn>
                <relPosition x="0" y="10"/>
                <connection refLocalId="56">
                  <position x="1140" y="660"/>
                  <position x="751" y="660"/>
                </connection>
                <connection refLocalId="7" formalParameter="Q">
                  <position x="1140" y="660"/>
                  <position x="870" y="660"/>
                  <position x="870" y="710"/>
                  <position x="600" y="710"/>
                </connection>
              </connectionPointIn>
              <connectionPointOut>
                <relPosition x="21" y="10"/>
              </connectionPointOut>
              <variable>RA_on</variable>
            </coil>
            <contact localId="58" height="20" width="21" negated="false">
              <position x="300" y="700"/>
              <connectionPointIn>
                <relPosition x="0" y="10"/>
                <connection refLocalId="1">
                  <position x="300" y="710"/>
                  <position x="275" y="710"/>
                  <position x="275" y="740"/>
                  <position x="250" y="740"/>
                </connection>
              </connectionPointIn>
              <connectionPointOut>
                <relPosition x="21" y="10"/>
              </connectionPointOut>
              <variable>Run</variable>
            </contact>
            <contact localId="59" height="20" width="21" negated="false">
              <position x="420" y="700"/>
              <connectionPointIn>
                <relPosition x="0" y="10"/>
                <connection refLocalId="58">
                  <position x="420" y="710"/>
                  <position x="321" y="710"/>
                </connection>
              </connectionPointIn>
              <connectionPointOut>
                <relPosition x="21" y="10"/>
              </connectionPointOut>
              <variable>Red_LED</variable>
            </contact>
            <inVariable localId="3" height="30" width="50" negated="false" executionOrderId="0">
              <position x="460" y="730"/>
              <connectionPointOut>
                <relPosition x="50" y="10"/>
              </connectionPointOut>
              <expression>T#10s</expression>
            </inVariable>
            <block localId="7" typeName="TON" instanceName="TON1" height="60" width="50" executionOrderId="0">
              <position x="550" y="680"/>
              <inputVariables>
                <variable formalParameter="IN">
                  <connectionPointIn>
                    <relPosition x="0" y="30"/>
                    <connection refLocalId="59">
                      <position x="550" y="710"/>
                      <position x="441" y="710"/>
                    </connection>
                  </connectionPointIn>
                </variable>
                <variable formalParameter="PT">
                  <connectionPointIn>
                    <relPosition x="0" y="50"/>
                    <connection refLocalId="3">
                      <position x="550" y="730"/>
                      <position x="530" y="730"/>
                      <position x="530" y="740"/>
                      <position x="510" y="740"/>
                    </connection>
                  </connectionPointIn>
                </variable>
              </inputVariables>
              <inOutVariables/>
              <outputVariables>
                <variable formalParameter="Q">
                  <connectionPointOut>
                    <relPosition x="50" y="30"/>
                  </connectionPointOut>
                </variable>
                <variable formalParameter="ET">
                  <connectionPointOut>
                    <relPosition x="50" y="50"/>
                  </connectionPointOut>
                </variable>
              </outputVariables>
            </block>
            <contact localId="60" height="20" width="21" negated="false">
              <position x="300" y="830"/>
              <connectionPointIn>
                <relPosition x="0" y="10"/>
                <connection refLocalId="1">
                  <position x="300" y="840"/>
                  <position x="275" y="840"/>
                  <position x="275" y="880"/>
                  <position x="250" y="880"/>
                </connection>
              </connectionPointIn>
              <connectionPointOut>
                <relPosition x="21" y="10"/>
              </connectionPointOut>
              <variable>Run</variable>
            </contact>
            <contact localId="61" height="20" width="21" negated="true">
              <position x="400" y="830"/>
              <connectionPointIn>
                <relPosition x="0" y="10"/>
                <connection refLocalId="60">
                  <position x="400" y="840"/>
                  <position x="321" y="840"/>
                </connection>
              </connectionPointIn>
              <connectionPointOut>
                <relPosition x="21" y="10"/>
              </connectionPointOut>
              <variable>Amber_Off</variable>
            </contact>
            <contact localId="62" height="20" width="21" negated="true">
              <position x="500" y="830"/>
              <connectionPointIn>
                <relPosition x="0" y="10"/>
                <connection refLocalId="61">
                  <position x="500" y="840"/>
                  <position x="421" y="840"/>
                </connection>
              </connectionPointIn>
              <connectionPointOut>
                <relPosition x="21" y="10"/>
              </connectionPointOut>
              <variable>Red_LED</variable>
            </contact>
            <contact localId="63" height="20" width="21" negated="false">
              <position x="740" y="840"/>
              <connectionPointIn>
                <relPosition x="0" y="10"/>
                <connection refLocalId="62">
                  <position x="740" y="850"/>
                  <position x="630" y="850"/>
                  <position x="630" y="840"/>
                  <position x="521" y="840"/>
                </connection>
              </connectionPointIn>
              <connectionPointOut>
                <relPosition x="21" y="10"/>
              </connectionPointOut>
              <variable>Amber_On</variable>
            </contact>
            <coil localId="64" height="20" width="21" negated="false">
              <position x="990" y="860"/>
              <connectionPointIn>
                <relPosition x="0" y="10"/>
                <connection refLocalId="8" formalParameter="Q">
                  <position x="990" y="870"/>
                  <position x="805" y="870"/>
                  <position x="805" y="910"/>
                  <position x="620" y="910"/>
                </connection>
                <connection refLocalId="63">
                  <position x="990" y="870"/>
                  <position x="875" y="870"/>
                  <position x="875" y="850"/>
                  <position x="761" y="850"/>
                </connection>
              </connectionPointIn>
              <connectionPointOut>
                <relPosition x="21" y="10"/>
              </connectionPointOut>
              <variable>Amber_On</variable>
            </coil>
            <contact localId="65" height="20" width="21" negated="false">
              <position x="400" y="910"/>
              <connectionPointIn>
                <relPosition x="0" y="10"/>
                <connection refLocalId="60">
                  <position x="400" y="920"/>
                  <position x="360" y="920"/>
                  <position x="360" y="840"/>
                  <position x="321" y="840"/>
                </connection>
              </connectionPointIn>
              <connectionPointOut>
                <relPosition x="21" y="10"/>
              </connectionPointOut>
              <variable>Green_LED</variable>
            </contact>
            <block localId="8" typeName="TON" instanceName="TON2" height="60" width="50" executionOrderId="0">
              <position x="570" y="880"/>
              <inputVariables>
                <variable formalParameter="IN">
                  <connectionPointIn>
                    <relPosition x="0" y="30"/>
                    <connection refLocalId="65">
                      <position x="570" y="910"/>
                      <position x="495" y="910"/>
                      <position x="495" y="920"/>
                      <position x="421" y="920"/>
                    </connection>
                  </connectionPointIn>
                </variable>
                <variable formalParameter="PT">
                  <connectionPointIn>
                    <relPosition x="0" y="50"/>
                    <connection refLocalId="9">
                      <position x="570" y="930"/>
                      <position x="550" y="930"/>
                      <position x="550" y="950"/>
                      <position x="530" y="950"/>
                    </connection>
                  </connectionPointIn>
                </variable>
              </inputVariables>
              <inOutVariables/>
              <outputVariables>
                <variable formalParameter="Q">
                  <connectionPointOut>
                    <relPosition x="50" y="30"/>
                  </connectionPointOut>
                </variable>
                <variable formalParameter="ET">
                  <connectionPointOut>
                    <relPosition x="50" y="50"/>
                  </connectionPointOut>
                </variable>
              </outputVariables>
            </block>
            <inVariable localId="9" height="30" width="50" negated="false" executionOrderId="0">
              <position x="480" y="930"/>
              <connectionPointOut>
                <relPosition x="50" y="20"/>
              </connectionPointOut>
              <expression>T#20s</expression>
            </inVariable>
            <contact localId="66" height="20" width="21" negated="false">
              <position x="300" y="1020"/>
              <connectionPointIn>
                <relPosition x="0" y="10"/>
                <connection refLocalId="1">
                  <position x="300" y="1030"/>
                  <position x="250" y="1030"/>
                </connection>
              </connectionPointIn>
              <connectionPointOut>
                <relPosition x="21" y="10"/>
              </connectionPointOut>
              <variable>Run</variable>
            </contact>
            <contact localId="67" height="20" width="21" negated="false">
              <position x="400" y="1020"/>
              <connectionPointIn>
                <relPosition x="0" y="10"/>
                <connection refLocalId="66">
                  <position x="400" y="1030"/>
                  <position x="321" y="1030"/>
                </connection>
              </connectionPointIn>
              <connectionPointOut>
                <relPosition x="21" y="10"/>
              </connectionPointOut>
              <variable>Amber_On</variable>
            </contact>
            <block localId="10" typeName="TON" instanceName="TON3" height="60" width="50" executionOrderId="0">
              <position x="710" y="1010"/>
              <inputVariables>
                <variable formalParameter="IN">
                  <connectionPointIn>
                    <relPosition x="0" y="30"/>
                    <connection refLocalId="67">
                      <position x="710" y="1040"/>
                      <position x="565" y="1040"/>
                      <position x="565" y="1030"/>
                      <position x="421" y="1030"/>
                    </connection>
                  </connectionPointIn>
                </variable>
                <variable formalParameter="PT">
                  <connectionPointIn>
                    <relPosition x="0" y="50"/>
                    <connection refLocalId="11">
                      <position x="710" y="1060"/>
                      <position x="690" y="1060"/>
                      <position x="690" y="1080"/>
                      <position x="670" y="1080"/>
                    </connection>
                  </connectionPointIn>
                </variable>
              </inputVariables>
              <inOutVariables/>
              <outputVariables>
                <variable formalParameter="Q">
                  <connectionPointOut>
                    <relPosition x="50" y="30"/>
                  </connectionPointOut>
                </variable>
                <variable formalParameter="ET">
                  <connectionPointOut>
                    <relPosition x="50" y="50"/>
                  </connectionPointOut>
                </variable>
              </outputVariables>
            </block>
            <inVariable localId="11" height="30" width="50" negated="false" executionOrderId="0">
              <position x="620" y="1060"/>
              <connectionPointOut>
                <relPosition x="50" y="20"/>
              </connectionPointOut>
              <expression>T#3s</expression>
            </inVariable>
            <coil localId="68" height="20" width="21" negated="false">
              <position x="1000" y="1030"/>
              <connectionPointIn>
                <relPosition x="0" y="10"/>
                <connection refLocalId="10" formalParameter="Q">
                  <position x="1000" y="1040"/>
                  <position x="760" y="1040"/>
                </connection>
              </connectionPointIn>
              <connectionPointOut>
                <relPosition x="21" y="10"/>
              </connectionPointOut>
              <variable>Amber_Off</variable>
            </coil>
            <contact localId="69" height="20" width="21" negated="false">
              <position x="520" y="430"/>
              <connectionPointIn>
                <relPosition x="0" y="10"/>
                <connection refLocalId="70">
                  <position x="520" y="440"/>
                  <position x="470" y="440"/>
                  <position x="470" y="460"/>
                  <position x="420" y="460"/>
                </connection>
              </connectionPointIn>
              <connectionPointOut>
                <relPosition x="21" y="10"/>
              </connectionPointOut>
              <variable>Green_LED</variable>
            </contact>
            <contact localId="70" height="20" width="21" negated="true">
              <position x="400" y="450"/>
              <connectionPointIn>
                <relPosition x="0" y="10"/>
                <connection refLocalId="48">
                  <position x="400" y="460"/>
                  <position x="351" y="460"/>
                </connection>
              </connectionPointIn>
              <connectionPointOut>
                <relPosition x="21" y="10"/>
              </connectionPointOut>
              <variable>Amber_On</variable>
            </contact>
          </LD>
        </body>
        <documentation>
          <xhtml:p><![CDATA[Start_1]]></xhtml:p>
        </documentation>
      </pou>
    </pous>
  </types>
  <instances>
    <configurations>
      <configuration name="Config0">
        <resource name="Res0">
          <task name="task0" priority="0" interval="T#20ms">
            <pouInstance name="instance0" typeName="TrafficLight"/>
          </task>
        </resource>
      </configuration>
    </configurations>
  </instances>
</project>
